SalespersonID,SalespersonName,Team
3001,Salesperson 1,West
3002,Salesperson 2,North
3003,Salesperson 3,West
3004,Salesperson 4,South
3005,Salesperson 5,East
3006,Salesperson 6,North
3007,Salesperson 7,West
3008,Salesperson 8,North
3009,Salesperson 9,West
3010,Salesperson 10,North
3011,Salesperson 11,West
3012,Salesperson 12,West
3013,Salesperson 13,South
3014,Salesperson 14,West
3015,Salesperson 15,South
3016,Salesperson 16,West
3017,Salesperson 17,East
3018,Salesperson 18,East
3019,Salesperson 19,East
3020,Salesperson 20,West
3021,Salesperson 21,South
3022,Salesperson 22,South
3023,Salesperson 23,West
3024,Salesperson 24,East
3025,Salesperson 25,East
